BEGIN TRANSACTION;


INSERT INTO "muscle" ("id","name") VALUES (1,'Czworogłowe Uda'),
    (2,'Dwugłowe Uda'),
    (3,'Pośladki'),
    (4,'Łydki'),
    (5,'Inne / ogólnorozwojowe'),
    (6,'Najszerzszy grzbietu'),
    (7,'Równoległoboczne'),
    (8,'Czworoboczny'),
    (9,'Prostowniki grzbietu'),
    (10,'Mięsień najszerszy grzbietu'),
    (11,'Mięśnie czworoboczne (kaptury)'),
    (13,'Mięśnie naramienne (barki)'),
    (14,'Mięsień piersiowy większy (klatka)'),
    (15,'Mięsień piersiowy mniejszy'),
    (16,'Mięsień zębaty przedni'),
    (17,'Mięsień podobojczykowy'),
    (18,'Triceps'),
    (19,'Mięsień naramienny przedni'),
    (20,'Mięśnie brzucha');
INSERT INTO "exercise" ("id","name","intensity","injury_risk","mobility_requirement","difficulty","equipment_level","base_time") VALUES (1,'Zakroki Zerchera',7,4,5,4,2,12),
 (2,'Wyprosty kolan na maszynie jednonóż',5,3,2,2,3,10),
 (3,'Syzyfki z asekuracją',8,5,5,5,1,15),
 (4,'Przysiad ze sztangą ze stojaków',9,4,4,4,3,15),
 (5,'Przysiad kolarski ze sztangą na plecach',9,5,5,5,3,15),
 (6,'Przysiad kolarski z ciężarem przed klatką',8,4,5,4,2,12),
 (7,'Przysiad kolarski',8,5,5,5,1,15),
 (8,'Odwrócone nordyckie opady z pomocą gumy',6,3,4,3,1,12),
 (9,'Odwrócone nordyckie opady z obciążeniem',7,4,4,4,1,12),
 (10,'Odwrócone nordyckie opady',6,4,5,4,1,12),
 (11,'Pistolet na podwyższeniu',8,4,5,5,1,15),
 (12,'Zakroki ze sztangą na plecach',7,3,4,3,3,12),
 (13,'Zakroki',6,2,3,2,1,10),
 (14,'Wykroki długie chodzone z dłońmi na klatce',6,3,4,3,1,12),
 (15,'Wykroki chodzone',6,3,4,3,1,12),
 (16,'Wchodzenie na podwyższenie',5,2,3,2,1,10),
 (17,'Przysiad sumo z kettlem/hantlą na stepach',7,3,4,3,2,12),
 (18,'Wykroki w bok z TRX',5,2,4,3,2,10),
 (19,'Przysiad z hantlami w pozycji front rack',7,3,4,3,2,12),
 (20,'Przysiad bułgarski z gumą',7,4,4,4,1,12),
 (21,'Przysiad łyżwiarski',8,4,5,5,1,15),
 (22,'Przysiad wykroczny',7,3,4,3,1,12),
 (23,'Przysiad wykroczny z hantlami',7,3,4,3,2,12),
 (24,'Przysiad bułgarski – wersja pośladkowa z hantlami',7,3,4,3,2,12),
 (25,'Przysiad wykroczny z nogą wykroczną na podwyższeniu z hantlami',7,3,4,4,2,12),
 (26,'Przysiad bułgarski (1 i 1/2)',8,4,4,4,1,15),
 (27,'Zercher squat',9,4,4,4,3,15),
 (28,'Wykroki skośne',6,3,4,3,1,10),
 (29,'Spanish squat',7,3,4,3,1,12),
 (30,'Landmine reverse lunges',7,3,4,3,2,12),
 (31,'Przysiad do podwyższenia',7,3,4,3,2,12),
 (32,'Goblet box squat',7,3,4,3,2,12),
 (33,'Reverse drop lunges with dumbbell',7,4,4,4,2,12),
 (34,'Reverse drop lunges',6,3,4,3,1,12),
 (35,'Przysiad przedni z paskami',8,3,4,4,3,15),
 (36,'Landmine squat',8,3,4,3,2,12),
 (37,'Przysiad z gumą',6,2,3,2,1,10),
 (38,'Pistols squat na TRX',7,3,5,4,2,12),
 (39,'Przysiad z wyskokiem na TRX',8,4,4,4,2,12),
 (40,'Wykroki z ramionami w górze na TRX',6,3,4,3,2,10),
 (41,'Zakroki na TRX',6,3,4,3,2,10),
 (42,'Wypychanie suwnicy jednonóż',6,2,2,2,3,10),
 (43,'Kozak squat z ciężarem',8,4,5,4,2,12),
 (44,'Kozak squat bez ciężaru',7,3,5,4,1,12),
 (45,'Pistolet',9,5,5,5,1,15),
 (46,'Pistolet z ciężarem',9,5,5,5,2,15),
 (47,'Przysiad sumo',7,3,4,3,1,12),
 (48,'Przysiad z TRX',6,2,3,2,2,10),
 (49,'Przysiad bułgarski z TRX',7,3,4,3,2,12),
 (50,'Przysiad bułgarski – wersja dla mięśnia czworogłowego uda',8,4,4,4,1,12),
 (51,'Przysiad bułgarski z hantlami – wersja dla mięśnia czworogłowego uda',8,4,4,4,2,12),
 (52,'Przysiad wykroczny z nogą zakroczną na podwyższeniu z hantlami',7,3,4,4,2,12),
 (53,'Przysiad do skrzyni jednonóż',7,3,4,4,2,12),
 (54,'Wchodzenie na podwyższenie z hantlami',6,2,3,2,2,10),
 (55,'Zakroki z hantlami',6,3,4,3,2,10),
 (56,'Wykroki chodzone z hantlami w dłoniach',7,3,4,3,2,12),
 (57,'Przysiad bułgarski – wersja pośladkowa',7,3,4,3,1,12),
 (58,'Side step up – wejście bokiem',5,2,3,2,1,10),
 (59,'Przysiad wykroczny z nogą wykroczną na podwyższeniu',7,3,4,4,1,12),
 (60,'Przysiad wykroczny z nogą zakroczną na podwyższeniu',7,3,4,4,1,12),
 (61,'Poliquin step-up',6,2,3,3,1,10),
 (62,'Poliquin step-up z hantlami',6,2,3,3,2,10),
 (63,'Przysiad z dłońmi trzymanymi za głową',5,2,3,1,1,10),
 (64,'Wykroki chodzone z dłońmi trzymanymi na klatce piersiowej',6,3,4,3,1,12),
 (65,'Wchodzenie na podwyższenie ze sztangą trzymaną na plecach',7,3,3,3,3,12),
 (66,'Przysiad z kettlami',7,3,4,3,2,12),
 (67,'Przysiad ze sztangą trzymaną na plecach',9,4,4,4,3,15),
 (68,'Wykroki w miejscu ze sztangą trzymaną na plecach',7,3,4,3,3,12),
 (69,'Wykroki chodzone ze sztangą trzymaną na plecach',8,4,4,4,3,15),
 (70,'Przysiad z użyciem linek wyciągu dolnego',6,2,3,2,3,10),
 (71,'Przysiad na maszynie Smitha',7,3,3,2,3,12),
 (72,'Wykroki w miejscu z hantelkami',6,3,4,3,2,10),
 (73,'Przysiad z hantelkami',7,3,4,3,2,12),
 (74,'Przysiad ze sztangą trzymaną na barkach',9,4,5,5,3,15),
 (75,'Goblet squat – przysiad z kettlem lub hantelką',7,3,4,3,2,12),
 (76,'Wyprosty kolan na maszynie siedząc',5,3,2,2,3,10),
 (77,'Wypychanie nogami na suwnicy',6,2,2,2,3,10),
 (78,'Przysiad w wykroku na maszynie Smitha',7,3,4,3,3,12),
 (79,'Żuraw z pomocą gumy',7,3,4,4,1,12),
 (80,'Martwy ciąg jednonóż z półsztangą',8,4,5,5,2,15),
 (81,'Unoszenie bioder z hantlą na jednej nodze w oparciu o ławeczkę',6,2,3,3,2,12),
 (82,'Unoszenie nogi w klęku podpartym z gumą',4,1,2,1,1,10),
 (83,'Pull through',5,2,3,2,2,10),
 (84,'Przywodzenie nogi w bok z wykorzystaniem linki wyciągu dolnego',4,2,2,2,3,10),
 (85,'Przywodzenie nóg na maszynie',4,2,2,2,3,10),
 (86,'Przyciąganie pięt do pośladków na TRX (łatwiejsza wersja)',5,3,4,3,2,12),
 (87,'Unoszenie bioder na jednej nodze w oparciu o ławeczkę',6,2,3,3,1,12),
 (88,'Unoszenie bioder na jednej nodze z hantlą',7,2,3,3,2,12),
 (89,'Unoszenie bioder w górę',5,1,2,2,1,10),
 (90,'Odwodzenie nogi w tył z wykorzystaniem linki wyciągu dolnego',4,2,2,2,3,10),
 (91,'Odwodzenie nogi w tył na maszynie',4,2,2,2,3,10),
 (92,'Odwodzenie nogi w klęku podpartym',3,1,2,1,1,10),
 (93,'Odwodzenie nogi w bok z wykorzystaniem linki wyciągu dolnego',4,2,2,2,3,10),
 (94,'Odwodzenie nóg na maszynie',4,2,2,2,3,10),
 (95,'Zginanie nóg z gumą miniband',5,2,3,2,1,10),
 (96,'Zginanie nóg na maszynie jednonóż',5,2,2,2,3,10),
 (97,'Unoszenie nóg na ławce skośnej',5,2,3,3,2,12),
 (98,'Frog hip thrust z hantlą',6,2,3,3,2,12),
 (99,'Odwodzenie nogi w pozycji side plank',5,2,3,3,1,10),
 (100,'Unoszenie nóg na ławce rzymskiej',6,3,3,3,2,12),
 (101,'Unoszenie nóg na ławce poziomej',6,3,3,3,2,12),
 (102,'Stiff leg deadlift z podwyższenia',8,4,5,4,2,15),
 (103,'Side walk',4,1,2,2,1,10),
 (104,'Rumuński martwy ciąg z hantlami kickstand',7,3,4,4,2,12),
 (105,'Rumuński martwy ciąg kickstand',7,3,4,4,1,12),
 (106,'Pull through z gumą',5,2,3,2,1,10),
 (107,'Odwodzenie nogi w leżeniu bokiem',3,1,2,1,1,10),
 (108,'Martwy ciąg na jednej nodze z asekuracją',7,3,5,4,2,12),
 (109,'Hamstring walkout',6,3,4,4,1,12),
 (110,'Dzień dobry ze sztangą',8,4,4,4,3,15),
 (111,'Unoszenie bioder z uniesionymi palcami stóp',5,1,2,2,1,10),
 (112,'Przywodzenie kopenhaskie',7,4,5,5,2,15),
 (113,'Martwy ciąg sumo z podwyższenia',9,4,5,5,3,15),
 (114,'Martwy ciąg z kettlem z podwyższenia',7,3,4,4,2,12),
 (115,'Mostek biodrowy z hantlą',6,2,3,3,2,12),
 (116,'Hip drop',4,2,3,2,1,10),
 (117,'Klasyczny martwy ciąg z podwyższenia',9,4,5,5,3,15),
 (118,'Dzień dobry z gumą',6,2,3,3,1,12),
 (119,'Landmine RDL',7,3,4,3,2,12),
 (120,'Landmine deadlift',8,3,4,4,2,15),
 (121,'Przyciąganie pięt do pośladków z gumą',5,2,3,2,1,10),
 (122,'Martwy ciąg na jednej nodze z gumą',7,3,5,4,1,12),
 (123,'Martwy ciąg na prostych nogach z gumą',7,3,4,3,1,12),
 (124,'Martwy ciąg z gumą',6,2,3,3,1,12),
 (125,'Unoszenie bioder z gumą',5,1,2,2,1,10),
 (126,'X walk',4,1,2,2,1,10),
 (127,'Stiff leg deadlift',8,4,5,4,3,15),
 (128,'Unoszenie tułowia na ławce rzymskiej jednonóż',6,3,3,3,2,12),
 (129,'Zginanie nóg na piłce gimnastycznej leżąc (łatwiejsza wersja)',5,3,4,3,2,12),
 (130,'Żuraw (łatwiejsza wersja)',6,3,4,4,1,12),
 (131,'Unoszenie bioder z hantlą w oparciu o ławeczkę',7,2,3,3,2,12),
 (132,'Frog hip thrust',5,1,2,2,1,10),
 (133,'Przyciąganie pięt do pośladków na TRX',6,3,4,4,2,12),
 (134,'Uginanie nóg z hantlą w leżeniu',5,2,3,3,2,12),
 (135,'Unoszenie bioder na jednej nodze',6,2,3,3,1,12),
 (136,'Martwy ciąg na jednej nodze z hantlami',8,4,5,5,2,15),
 (137,'Martwy ciąg sumo',9,4,5,5,3,15),
 (138,'Unoszenie bioder ze sztangą',7,2,3,3,3,12),
 (139,'Unoszenie bioder ze sztangą w oparciu o ławeczkę',8,3,3,4,3,15),
 (140,'Żuraw',9,5,5,5,1,15),
 (141,'Żuraw z piłką',8,4,5,5,2,15),
 (142,'Martwy ciąg na prostych nogach z hantlami',7,3,4,4,2,12),
 (143,'Martwy ciąg na prostych nogach',9,4,5,5,3,15),
 (144,'Zginanie nóg na maszynie leżąc lub siedząc',5,2,2,2,3,10),
 (145,'Zginanie nóg na piłce gimnastycznej leżąc',6,3,4,4,2,12),
 (347,'Żuraw z pomocą gumy (dwugłowe)',7,3,4,4,1,12),
 (349,'Unoszenie bioder z hantlą na jednej nodze w oparciu o ławeczkę (dwugłowe)',6,2,3,3,2,12),
 (350,'Unoszenie nogi w klęku podpartym z gumą (pośladki)',4,1,2,1,1,10),
 (351,'Pull through (dwugłowe/pośladki)',5,2,3,2,2,10),
 (352,'Przywodzenie nogi w bok z wykorzystaniem linki wyciągu dolnego (pośladki)',4,2,2,2,3,10),
 (353,'Przywodzenie nóg na maszynie (pośladki)',4,2,2,2,3,10),
 (354,'Przyciąganie pięt do pośladków na TRX - łatwiejsza wersja',5,3,4,3,2,12),
 (355,'Unoszenie bioder na jednej nodze w oparciu o ławeczkę (pośladki)',6,2,3,3,1,12),
 (356,'Unoszenie bioder na jednej nodze z hantlą (pośladki)',7,2,3,3,2,12),
 (357,'Unoszenie bioder w górę (pośladki)',5,1,2,2,1,10),
 (358,'Odwodzenie nogi w tył z wykorzystaniem linki wyciągu dolnego (pośladki)',4,2,2,2,3,10),
 (359,'Odwodzenie nogi w tył na maszynie (pośladki)',4,2,2,2,3,10),
 (360,'Odwodzenie nogi w klęku podpartym (pośladki)',3,1,2,1,1,10),
 (361,'Odwodzenie nogi w bok z wykorzystaniem linki wyciągu dolnego (pośladki)',4,2,2,2,3,10),
 (362,'Odwodzenie nóg na maszynie (pośladki)',4,2,2,2,3,10),
 (363,'Zginanie nóg z gumą miniband (dwugłowe)',5,2,3,2,1,10),
 (364,'Zginanie nóg na maszynie jednonóż (dwugłowe)',5,2,2,2,3,10),
 (365,'Unoszenie nóg na ławce skośnej (dwugłowe/pośladki)',5,2,3,3,2,12),
 (366,'Frog hip thrust z hantlą (pośladki)',6,2,3,3,2,12),
 (367,'Odwodzenie nogi w pozycji side plank (pośladki)',5,2,3,3,1,10),
 (368,'Unoszenie nóg na ławce rzymskiej (dwugłowe/pośladki)',6,3,3,3,2,12),
 (369,'Unoszenie nóg na ławce poziomej (dwugłowe/pośladki)',6,3,3,3,2,12),
 (370,'Stiff leg deadlift z podwyższenia (dwugłowe)',8,4,5,4,2,15),
 (371,'Side walk (pośladki)',4,1,2,2,1,10),
 (372,'Rumuński martwy ciąg z hantlami kickstand (dwugłowe)',7,3,4,4,2,12),
 (373,'Rumuński martwy ciąg kickstand (dwugłowe)',7,3,4,4,1,12),
 (374,'Pull through z gumą (dwugłowe/pośladki)',5,2,3,2,1,10),
 (375,'Odwodzenie nogi w leżeniu bokiem (pośladki)',3,1,2,1,1,10),
 (376,'Martwy ciąg na jednej nodze z asekuracją (dwugłowe)',7,3,5,4,2,12),
 (377,'Hamstring walkout (dwugłowe)',6,3,4,4,1,12),
 (378,'Dzień dobry ze sztangą (dwugłowe)',8,4,4,4,3,15),
 (379,'Unoszenie bioder z uniesionymi palcami stóp (pośladki)',5,1,2,2,1,10),
 (380,'Przywodzenie kopenhaskie (pośladki)',7,4,5,5,2,15),
 (381,'Martwy ciąg sumo z podwyższenia (dwugłowe/pośladki)',9,4,5,5,3,15),
 (382,'Martwy ciąg z kettlem z podwyższenia (dwugłowe)',7,3,4,4,2,12),
 (383,'Mostek biodrowy z hantlą (pośladki)',6,2,3,3,2,12),
 (384,'Hip drop (pośladki)',4,2,3,2,1,10),
 (385,'Klasyczny martwy ciąg z podwyższenia (dwugłowe)',9,4,5,5,3,15),
 (386,'Dzień dobry z gumą (dwugłowe)',6,2,3,3,1,12),
 (387,'Landmine RDL (dwugłowe)',7,3,4,3,2,12),
 (388,'Landmine deadlift (dwugłowe)',8,3,4,4,2,15),
 (389,'Przyciąganie pięt do pośladków z gumą (dwugłowe)',5,2,3,2,1,10),
 (390,'Martwy ciąg na jednej nodze z gumą (dwugłowe)',7,3,5,4,1,12),
 (391,'Martwy ciąg na prostych nogach z gumą (dwugłowe)',7,3,4,3,1,12),
 (392,'Martwy ciąg z gumą (dwugłowe)',6,2,3,3,1,12),
 (393,'Unoszenie bioder z gumą (pośladki)',5,1,2,2,1,10),
 (394,'X walk (pośladki)',4,1,2,2,1,10),
 (395,'Stiff leg deadlift (dwugłowe)',8,4,5,4,3,15),
 (396,'Unoszenie tułowia na ławce rzymskiej jednonóż (dwugłowe/pośladki)',6,3,3,3,2,12),
 (397,'Zginanie nóg na piłce gimnastycznej leżąc - łatwiejsza wersja (dwugłowe)',5,3,4,3,2,12),
 (398,'Żuraw - łatwiejsza wersja (dwugłowe)',6,3,4,4,1,12),
 (399,'Unoszenie bioder z hantlą w oparciu o ławeczkę (pośladki)',7,2,3,3,2,12),
 (400,'Frog hip thrust (pośladki)',5,1,2,2,1,10),
 (401,'Przyciąganie pięt do pośladków na TRX (dwugłowe)',6,3,4,4,2,12),
 (402,'Uginanie nóg z hantlą w leżeniu (dwugłowe)',5,2,3,3,2,12),
 (403,'Unoszenie bioder na jednej nodze (pośladki)',6,2,3,3,1,12),
 (404,'Martwy ciąg na jednej nodze z hantlami (dwugłowe)',8,4,5,5,2,15),
 (405,'Martwy ciąg sumo (dwugłowe/pośladki)',9,4,5,5,3,15),
 (406,'Unoszenie bioder ze sztangą (pośladki)',7,2,3,3,3,12),
 (407,'Unoszenie bioder ze sztangą w oparciu o ławeczkę (pośladki)',8,3,3,4,3,15),
 (408,'Żuraw (dwugłowe)',9,5,5,5,1,15),
 (409,'Żuraw z piłką (dwugłowe)',8,4,5,5,2,15),
 (410,'Martwy ciąg na prostych nogach z hantlami (dwugłowe)',7,3,4,4,2,12),
 (411,'Martwy ciąg na prostych nogach (RDL) (dwugłowe)',9,4,5,5,3,15),
 (412,'Zginanie nóg na maszynie leżąc lub siedząc (dwugłowe)',5,2,2,2,3,10),
 (413,'Zginanie nóg na piłce gimnastycznej leżąc (dwugłowe)',6,3,4,4,2,12),
 (414,'Wiosłowanie gumą w opadzie tułowia',6,3,4,3,1,12),
 (415,'Ściąganie gumy jednorącz z nad głowy',5,2,4,3,1,10),
 (416,'Ściąganie chwytu wyciągu górnego po skosie',6,3,4,3,3,12),
 (417,'Ściąganie chwytu wyciągu górnego jednorącz',6,3,4,3,3,12),
 (418,'Podciąganie podchwytem z martwego punktu',8,4,5,5,2,15),
 (419,'Podciąganie nachwytem z martwego punktu',8,4,5,5,2,15),
 (420,'Podciąganie chwytem neutralnym na pojedynczym drążku',7,4,5,4,2,15),
 (421,'Podciąganie australijskie jednorącz',6,3,4,4,2,12),
 (422,'Podciąganie australijskie podchwytem',5,2,3,3,2,10),
 (423,'Y raise z hantlami w opadzie tułowia',4,2,4,3,2,10),
 (424,'Wiosłowanie kettlebell z podłogi',7,3,4,4,2,12),
 (425,'Wiosłowanie hantlami z podłogi',7,3,4,4,2,12),
 (426,'Wiosłowanie w podporze na kolanach',5,2,3,3,2,10),
 (427,'Wiosłowanie w podporze z gumą miniband',5,2,3,3,1,10),
 (428,'Wiosłowanie w klęku jednonóż z gumą miniband',6,3,4,4,1,12),
 (429,'TRX Y raise',5,2,4,3,2,10),
 (430,'TRX wiosłowanie jednorącz z rotacją',6,3,4,4,2,12),
 (431,'Szrugsy ze sztangą',5,2,2,2,3,10),
 (432,'Wiosłowanie na TRX',6,3,4,4,2,12),
 (433,'Szrugsy z linkami wyciągu dolnego',5,2,2,2,3,10),
 (434,'Szrugsy z hantlami',5,2,2,2,2,10),
 (435,'Seal row',7,3,4,4,3,12),
 (436,'Podciąganie z pomocą nóg',5,2,4,3,2,10),
 (437,'Opuszczanie na drążku – podchwyt',6,3,4,4,2,12),
 (438,'Opuszczanie na drążku – nachwyt',6,3,4,4,2,12),
 (439,'Back widow',4,2,4,3,1,10),
 (440,'Wiosłowanie półsztangą',7,3,4,4,2,12),
 (441,'Zwis aktywny',3,1,3,2,2,10),
 (442,'Scap pull up',5,2,4,3,2,10),
 (443,'Kayak row',6,3,4,4,1,12),
 (444,'Prostopadłe ściąganie gumy do bioder leżąc',5,2,4,3,1,10),
 (445,'Prostopadłe ściąganie gumy do bioder stojąc',5,2,4,3,1,10),
 (446,'Ściąganie gumy do klatki piersiowej',5,2,3,3,1,10),
 (447,'Ściąganie gumy za kark',5,3,4,3,1,10),
 (448,'Wiosłowanie gumą',5,2,3,2,1,10),
 (449,'Ściąganie chwytem neutralnym z wyciągu górnego',6,2,3,3,3,10),
 (450,'Ściąganie drążka nachwytem na szerokość barków',6,2,3,3,3,10),
 (451,'Wiosłowanie w oparciu o kolano',6,2,3,3,2,10),
 (452,'Wiosłowanie hantlą w oparciu ręką o ławeczkę',6,2,3,3,2,12),
 (453,'Podciąganie chwytem młotkowym',7,3,5,4,2,12),
 (454,'Podciąganie nachwytem z pomocą gumy oporowej',6,3,4,3,1,12),
 (455,'Wiosłowanie sztangą nachwytem w pełnym opadzie tułowia',8,4,5,5,3,15),
 (456,'Wiosło Pendlaya',9,4,5,5,3,15),
 (457,'Trap Y raise',4,2,4,3,1,10),
 (458,'Wiosłowanie w podporze – row renegade',7,3,4,4,2,12),
 (459,'Wiosłowanie hantlą w klęku podpartym na ławeczkę',6,2,3,3,2,12),
 (460,'Wiosłowanie hantlami w oparciu o ławkę skośną',6,2,3,3,2,12),
 (461,'Wiosłowanie sztangą trzymaną nachwytem do klatki w opadzie tułowia',8,4,5,5,3,15),
 (462,'Klasyczny martwy ciąg (wersja na plecy)',9,5,5,5,3,15),
 (463,'Wiosłowanie z wykorzystaniem kółek gimnastycznych, TRX lub sztangi',6,3,4,4,2,12),
 (464,'Podciąganie na drążku trzymanym nachwytem',8,4,5,5,2,15),
 (465,'Podciąganie na drążku trzymanym podchwytem',8,4,5,5,2,15),
 (466,'Podciąganie na drążku trzymanym szeroko do karku',8,4,5,5,2,15),
 (467,'Przyciąganie drążka wyciągu górnego do klatki podchwytem wąsko',6,2,3,3,3,12),
 (468,'Prostopadłe przyciąganie drążka wyciągu górnego do bioder',6,2,4,3,3,12),
 (469,'Wiosłowanie końcem sztangi chwytem neutralnym w opadzie tułowia',7,3,4,4,2,12),
 (470,'Przyciąganie końca sztangi jednorącz w opadzie tułowia',7,3,4,4,2,12),
 (471,'Przyciąganie linki wyciągu dolnego jednorącz',6,2,3,3,3,12),
 (472,'Przyciąganie linki wyciągu dolnego siedząc',6,2,3,3,3,12),
 (473,'Ściąganie drążka wyciągu górnego do klatki nachwytem szeroko',6,2,3,3,3,12),
 (474,'Ściąganie drążka wyciągu górnego trzymanego nachwytem za kark',6,3,4,4,3,12),
 (475,'Unoszenie tułowia na ławce rzymskiej (plecy)',5,3,4,3,2,12),
 (476,'Wiosłowanie hantlami w opadzie tułowia',7,3,4,4,2,12),
 (477,'Wiosłowanie na suwnicy Smitha w opadzie tułowia',7,3,4,4,3,12),
 (478,'Wiosłowanie sztangą trzymaną podchwytem w opadzie tułowia',8,4,5,5,3,15),
 (479,'Wyciskanie stojąc z wykorzystaniem wyciągu lub bramy',6,3,4,3,3,12),
 (480,'Wyciskanie hantli wąskim chwytem neutralnym na ławeczce płaskiej',7,3,4,4,2,12),
 (481,'Rozpiętki z gumą za plecami',5,2,3,3,1,10),
 (482,'Wyciskanie sztangi na ławce poziomej ze stojaków',8,4,4,4,3,15),
 (483,'Wyciskanie z gumą za plecami',6,2,3,3,1,12),
 (484,'Wyciskanie sztangi na podłodze w domu',7,3,3,4,2,12),
 (485,'Wyciskanie sztangi na podłodze',7,3,3,4,3,12),
 (486,'Wyciskanie na podłodze jednorącz',6,3,4,4,2,12),
 (487,'Rozpiętki z hantlami w leżeniu na podłodze',5,2,3,3,2,10),
 (488,'Rozpiętki na TRX',5,2,4,4,2,12),
 (489,'Pompki podwieszane na TRX',6,3,4,4,2,12),
 (490,'Wyciskanie sztangi na ławce skośnej głową w dół',7,4,4,4,3,12),
 (491,'Pompki na TRX',6,2,4,3,2,12),
 (492,'Floor press',7,3,3,4,2,12),
 (493,'Rozpiętki z wykorzystaniem wyciągu dolnego',5,2,3,3,3,10),
 (494,'Przenoszenie sztangielki za głowę',5,3,4,3,2,12),
 (495,'Wyciskanie na suwnicy Smitha leżąc na ławce skośnej głową w dół',7,3,3,3,3,12),
 (496,'Wyciskanie sztangielek na ławce skośnej głową w dół',7,3,4,4,2,12),
 (497,'Pompki (wersja klasyczna)',5,2,3,2,1,10),
 (498,'Rozpiętki z hantlami na ławce płaskiej',5,2,3,3,2,10),
 (499,'Rozpiętki z wykorzystaniem wyciągów',5,2,3,3,3,10),
 (500,'Rozpiętki na maszynie butterfly',5,2,2,2,3,10),
 (501,'Pompki na poręczach',8,4,5,5,2,15),
 (502,'Wyciskanie sztangi na ławce płaskiej do brody, gilotyna',7,5,4,5,3,15),
 (503,'Rozpiętki z wykorzystaniem wyciągu na ławce dodatniej',5,2,3,3,3,10),
 (504,'Wyciskanie na suwnicy Smitha leżąc na ławce płaskiej',7,3,3,3,3,12),
 (505,'Rozpiętki z wykorzystaniem wyciągu na ławce płaskiej',5,2,3,3,3,10),
 (506,'Wyciskanie sztangielek na ławce dodatniej',7,3,4,4,2,12),
 (507,'Wyciskanie sztangielek chwytem neutralnym na ławce ze skosem dodatnim',7,3,4,4,2,12),
 (508,'Rozpiętki z hantlami na ławce dodatniej',5,2,3,3,2,10),
 (509,'Wznosy ramion z wykorzystaniem dolnego wyciągu',4,2,3,2,3,10),
 (510,'Wyciskanie na maszynie hammer',6,2,2,2,3,10),
 (511,'Wyciskanie sztangi na ławce płaskiej',9,4,4,4,3,15),
 (512,'Wyciskanie sztangi na ławce dodatniej',8,4,4,4,3,15),
 (513,'Wyciskanie sztangielek na ławce płaskiej',8,3,4,4,2,15),
 (514,'TRX odwrócone rozpiętki',7,4,5,4,3,12),
 (515,'TRX face pull',7,4,5,4,3,12),
 (516,'Przenoszenie ramion z gumą miniband',6,3,4,3,2,10),
 (517,'Powell raise',6,3,4,3,2,10),
 (518,'T raise z hantlami w opadzie tułowia',6,3,4,3,2,10),
 (519,'Rotacja wewnętrzna na wyciągu',6,3,4,3,2,10),
 (520,'Rotacja zewnętrzna na wyciągu',6,3,4,3,2,10),
 (521,'Z-press',7,4,5,4,3,12),
 (522,'Face pull z gumą',6,3,4,3,2,10),
 (523,'Landmine press',7,4,5,4,3,12),
 (524,'Landmine press half kneeling',7,4,5,4,3,12),
 (525,'Wyciskanie jednorącz nad głowę z gumą',6,3,4,3,2,10),
 (526,'Wyciskanie ramion z gumą nad głowę',6,3,4,3,2,10),
 (527,'Wznosy ramion w bok z gumą',6,3,4,3,2,10),
 (528,'Wznosy ramion w przód z gumą',6,3,4,3,2,10),
 (529,'Unoszenie ramion z hantlami w przód z przenoszeniem na boki',6,3,4,3,2,10),
 (530,'Cuban press',6,3,4,3,2,10),
 (531,'Wyciskanie hantli w klęku jednonóż',6,3,4,3,2,10),
 (532,'Unoszenie ramienia z wykorzystaniem linki wyciągu dolnego',6,3,4,3,2,10),
 (533,'Rotacja zewnętrzna w leżeniu bokiem',6,3,4,3,2,10),
 (534,'Rotacje kubańskie z hantlami',6,3,4,3,2,10),
 (535,'Rotacje zewnętrzne ramienia hantlą siedząc',6,3,4,3,2,10),
 (536,'Przyciąganie liny z wyciągu do twarzy',6,3,4,3,2,10),
 (537,'T raise na ławeczce',6,3,4,3,2,10),
 (538,'Wyciskanie sztangi zza głowy stojąc',7,4,5,4,3,12),
 (539,'Wyciskanie sztangi nad głowę siedząc',7,4,5,4,3,12),
 (540,'Wyciskanie sztangi na maszynie Smitha siedząc',7,4,5,4,3,12),
 (541,'Unoszenie ramion w przód ze sztangą w oparciu o ławkę dodatnią',6,3,4,3,2,10),
 (542,'Arnoldki – wyciskanie hantli nad głowę z rotacją',7,4,5,4,3,12),
 (543,'Odwodzenie linek w tył wyciągu stojąc',6,3,4,3,2,10),
 (544,'Naprzemianstronne unoszenie ramion w przód z wykorzystaniem wyciągu dolnego',6,3,4,3,2,10),
 (545,'Naprzemianstronne unoszenie ramion w przód ze sztangielkami',6,3,4,3,2,10),
 (546,'Naprzemienne wyciskanie hantli nad głowę stojąc',6,3,4,3,2,10),
 (547,'Podciąganie sztangi pod brodę',7,4,5,4,3,12),
 (548,'Przyciąganie liny z wyciągu górnego do klatki piersiowej',7,4,5,4,3,12),
 (549,'Wyciskanie ramion nad głowę siedząc z wykorzystaniem wyciągu',7,4,5,4,3,12),
 (550,'Unoszenie ramion w bok ze sztangielkami w pozycji siedzącej',6,3,4,3,2,10),
 (551,'Odwodzenie ramion w bok ze sztangielkami',6,3,4,3,2,10),
 (552,'Unoszenie ramion w przód ze sztangielkami',6,3,4,3,2,10),
 (553,'Unoszenie ramion w przód ze sztangielką trzymaną oburącz',6,3,4,3,2,10),
 (554,'Wyciskanie sztangi nad głowę',7,4,5,4,3,12),
 (555,'Wyciskanie hantli nad głowę siedząc',7,4,5,4,3,12),
 (556,'Wyciskanie hantli nad głowę stojąc',7,4,5,4,3,12),
 (557,'Wyciskanie nad głowę na maszynie chwytem neutralnym',7,4,5,4,3,12),
 (558,'Wyciskanie nad głowę z linkami wyciągu dolnego',7,4,5,4,3,12),
 (559,'Wyciskanie sztangielki jednorącz nad głowę stojąc',7,4,5,4,3,12),
 (560,'Wznosy ramion w bok w opadzie tułowia siedząc',6,3,4,3,2,10),
 (561,'Wznosy ramion w bok w opadzie tułowia',6,3,4,3,2,10),
 (562,'TRX superman na kolanach',5,1,3,3,2,30),
 (563,'TRX body saw',5,1,3,3,2,30),
 (564,'Rotacje w pozycji podporu bokiem',5,1,3,3,1,30),
 (565,'Rotacje w pozycji deski bokiem',5,1,3,3,1,30),
 (566,'Dotykanie przeciwnych barków w podporze',5,1,3,3,1,30),
 (567,'Deska na kolanach',5,1,3,3,1,30),
 (568,'Pallof press w pozycji wykrocznej',7,3,4,4,3,12),
 (569,'Pallof press w pozycji wykrocznej na wyciągu',7,3,4,4,3,12),
 (570,'Deska bokiem na kolanach',5,1,3,3,1,30),
 (571,'Chaos pallof press',7,3,4,4,3,12),
 (572,'Przyciąganie ręki do przeciwnej nogi',6,2,4,3,1,10),
 (573,'Nożyce nogami',6,2,4,3,1,10),
 (574,'Deska na TRX',5,1,3,3,2,30),
 (575,'Deska na piłce',5,1,3,3,2,30),
 (576,'Brzuszki z rękami na klatce piersiowej',6,2,4,3,1,10),
 (577,'Wycieraczki – nogi ugięte',6,2,4,3,1,10),
 (578,'Wycieraczki – nogi proste',6,2,4,3,1,10),
 (579,'Unoszenie prostych nóg na stojaku',6,2,4,3,2,10),
 (580,'Unoszenie kolan na skos w zwisie na drążku',6,2,4,3,2,10),
 (581,'Spięcia brzucha z linkami wyciągu górnego',7,3,4,4,3,12),
 (582,'Rotacje w klęku jednonóż z hantlą',7,3,4,4,3,12),
 (583,'Przyciąganie kolan do klatki na stojaku',6,2,4,3,2,10),
 (584,'Naprzemienne przyciąganie kolan z gumą miniband',6,2,4,3,2,10),
 (585,'Krążenia ramion w podporze na piłce',5,1,3,3,2,30),
 (586,'Spacer farmera',5,1,3,3,1,30),
 (587,'Spacer farmera z ciężarem po jednej stronie nad klatką piersiową',5,1,3,3,1,30),
 (588,'Spacer farmera z ciężarem nad klatką piersiową',5,1,3,3,1,30),
 (589,'Suitcase walk',5,1,3,3,1,30),
 (590,'Pallof press na wyciągu',7,3,4,4,3,12),
 (591,'Landmine twist',7,3,4,4,3,12),
 (592,'Janda sit up',6,2,4,3,1,10),
 (593,'Body saw',5,1,3,3,1,30),
 (594,'Ab roller na kolanach z przedramionami na piłce',5,1,3,3,2,30),
 (595,'Unoszenie prostych nóg do drążka',6,2,4,3,2,10),
 (596,'Mountain climbers na TRX',5,1,3,3,2,30),
 (597,'Pike TRX',5,1,3,3,2,30),
 (598,'Superman na TRX',5,1,3,3,2,30),
 (599,'Deska bokiem na TRX',5,1,3,3,2,30),
 (600,'Rewersy',6,2,4,3,1,10),
 (601,'Scyzoryk',6,2,4,3,1,10),
 (602,'Dead bug – nogi proste',5,1,3,3,1,30),
 (603,'Dead bug – nogi ugięte',5,1,3,3,1,30),
 (604,'Hollow body',5,1,3,3,1,30),
 (605,'Semi hollow body',5,1,3,3,1,30),
 (606,'Przyciąganie kolan pod klatkę na piłce',6,2,4,3,2,10),
 (607,'Przyciąganie kolan pod klatkę na TRX',5,1,3,3,2,30),
 (608,'Ab roller na kolanach',5,1,3,3,2,30),
 (609,'Ab roller na kolanach z piłką',5,1,3,3,2,30),
 (610,'Rotacje z gumą',6,2,4,3,2,10),
 (611,'Pallof press',7,3,4,4,3,12),
 (612,'Rotacja boczna na wyciągu',7,3,4,4,3,12),
 (613,'Rotacje boczne po skosie – woodchoper',7,3,4,4,3,12),
 (614,'Izometryczny skurcz mięśni brzucha w podporze przodem. Deska/ścianka/plank',5,1,3,3,1,30),
 (615,'Naprzemienne przyciąganie łokci do kolan leżąc na plecach',6,2,4,3,1,10),
 (616,'Naprzemienne sięganie do kostek leżąc',6,2,4,3,1,10),
 (617,'Przyciąganie kolan do klatki w zwisie na drążku',6,2,4,3,2,10),
 (618,'Rowerek',6,2,4,3,1,10),
 (619,'Spięcia brzucha leżąc na macie ze złączonymi stopami',6,2,4,3,1,10),
 (620,'Spięcia brzucha z nogami opartymi na piłce gimnastycznej',6,2,4,3,2,10),
 (621,'Świeca z prostowaniem nóg leżąc',6,2,4,3,1,10),
 (622,'Zginanie tułowia na maszynie siedząc. Spięcia brzucha na maszynie',7,3,4,4,3,12),
 (623,'Unoszenie tułowia z podłoża. Spięcia brzucha leżąc',6,2,4,3,1,10),
 (624,'Prostowanie ramienia jednorącz w klęku podpartym na ławce płaskiej',6,3,4,3,2,10),
 (625,'Prostowanie ramion z gumą pod stopami',6,3,4,3,2,10),
 (626,'Prostowanie ramion w oparciu o ławeczkę',6,3,4,3,2,10),
 (627,'Wyciskanie francuskie w leżeniu na podłodze',6,3,4,3,2,10),
 (628,'Pompki w podporze tyłem z ugiętymi nogami',6,3,5,4,1,10),
 (629,'Pompki w podporze tyłem z nogami na podwyższeniu',6,3,5,4,1,10),
 (630,'Pompki na poręczach – samo opuszczanie',6,3,5,4,1,10),
 (631,'Triceps rollback extension',6,3,4,3,2,10),
 (632,'Prostowanie ramion z gumą',6,3,4,3,2,10),
 (633,'Prostowanie ramion na TRX',6,3,4,3,2,10),
 (634,'Prostowanie ramion z linką wyciągu dolnego w opadzie tułowia',6,3,4,3,2,10),
 (635,'Prostowanie ramion z linkami wyciągu górnego',6,3,4,3,2,10),
 (636,'Wyciskanie francuskie z przenoszeniem ramion za głowę',6,3,4,3,2,10),
 (637,'Wyciskanie sztangi wąskim chwytem',7,4,5,4,3,12),
 (638,'Wyciskanie francuskie hantlami z przenoszeniem ramion za głowę',6,3,4,3,2,10),
 (639,'Wyciskanie francuskie hantlami',6,3,4,3,2,10),
 (640,'Wąskie pompki',6,3,5,4,1,10),
 (641,'Pompki na poręczach z gumą',6,3,5,4,2,10),
 (642,'Prostowanie ramion z hantlami za siebie w opadzie tułowia',6,3,4,3,2,10),
 (643,'Prostowanie ramion leżąc na ławce z użyciem wyciągu górnego',6,3,4,3,2,10),
 (644,'Pompki w podporze tyłem na ławeczce',6,3,5,4,1,10),
 (645,'Pompki na triceps na poręczach',6,3,5,4,1,10),
 (646,'Pompki w oparciu o sztangę wąskim chwytem',6,3,5,4,1,10),
 (647,'Prostowanie przedramienia w pionie ze sztangielką',6,3,4,3,2,10),
 (648,'Prostowanie przedramion w pionie ze sztangą trzymaną oburącz',6,3,4,3,2,10),
 (649,'Prostowanie przedramion w pionie ze sztangielką trzymaną oburącz',6,3,4,3,2,10),
 (650,'Prostowanie przedramion z gryfem łamanym trzymanym nachwytem z wyciągu górnego',6,3,4,3,2,10),
 (651,'Prostowanie przedramion z gryfem prostym trzymanym nachwytem z wyciągu górnego',6,3,4,3,2,10),
 (652,'Prostowanie przedramion z liną z wyciągu dolnego stojąc',6,3,4,3,2,10),
 (653,'Prostowanie przedramion ze sztangą łamaną leżąc na ławce płaskiej',6,3,4,3,2,10),
 (654,'Prostowanie przedramion ze sztangielką trzymaną oburącz siedząc',6,3,4,3,2,10),
 (655,'Prostowanie ramienia jednorącz z wyciągu dolnego stojąc',6,3,4,3,2,10),
 (656,'Prostowanie ramienia z wykorzystaniem wyciągu górnego',6,3,4,3,2,10),
 (657,'Prostowanie ramion na maszynie triceps',6,3,4,3,2,10),
 (658,'Prostowanie ramion z gryfem trzymanym podchwytem z wyciągu górnego',6,3,4,3,2,10),
 (659,'Wąskie pompki na triceps. Diamentowe pompki',6,3,5,4,1,10),
 (660,'Wyciskanie sztangi łamanej wąskim chwytem na ławeczce płaskiej',7,4,5,4,3,12),
 (661,'Wyciskanie sztangi na suwnicy Smitha wąskim chwytem na triceps',7,4,5,4,3,12),
 (662,'Uginanie ramion z gumą',6,2,3,3,2,10),
 (663,'Zginanie ramion ze sztangą nachwytem',6,3,4,4,3,10),
 (664,'Uginanie ramion na TRX',6,2,3,3,2,10),
 (665,'Uginanie ramion z hantlami nachwytem',6,3,4,4,2,10),
 (666,'Uginanie ramion z hantlami w oparciu o ławeczkę',5,1,3,3,2,10),
 (667,'Uginanie ramion ze sztangą w oparciu o ławeczkę',5,1,3,3,3,10),
 (668,'Zginanie ramion z hantlami na modlitewniku chwytem młotkowym',6,2,4,3,2,10),
 (669,'Uginanie ramienia z linką wyciągu dolnego stojąc',6,2,3,3,2,10),
 (670,'Zginanie ramion z hantlami na modlitewniku',5,1,3,3,2,10),
 (671,'Zottman curl',6,3,4,4,2,10),
 (672,'Uginanie ramion z hantlami z rotacją',6,2,4,3,2,10),
 (673,'Zginanie przedramienia z hantlem na modlitewniku',5,1,3,3,2,10),
 (674,'Zginanie przedramion w wąskim chwycie ze sztangą stojąc',6,2,3,3,3,10),
 (675,'Jednoczesne zginanie przedramion stojąc z wykorzystaniem wyciągów górnych',6,2,3,3,2,10),
 (676,'Zginanie przedramion z drążkiem wyciągu dolnego na modlitewniku',5,1,3,3,2,10),
 (677,'Zginanie przedramion z gryfem wyciągu górnego leżąc na ławce',6,2,3,3,2,10),
 (678,'Zginanie przedramion z hantlami w chwycie młotkowym',6,2,4,3,2,10),
 (679,'Zginanie przedramion w chwycie młotkowym siedząc na ławce',6,2,4,3,2,10),
 (680,'Zginanie przedramion z gryfem łamanym na modlitewniku',5,1,3,3,3,10),
 (681,'Zginanie przedramion na zewnątrz siedząc na ławce 75 stopni',6,2,4,3,2,10),
 (682,'Zginanie przedramion z liną z wyciągu dolnego stojąc',6,2,3,3,2,10),
 (683,'Zginanie przedramion ze sztangą łamaną stojąc',6,2,3,3,3,10),
 (684,'Zginanie przedramion z hantlem w opadzie tułowia',6,2,4,3,2,10),
 (685,'Zginanie przedramienia z hantlem – łokieć oparty na udzie',5,1,3,3,2,10),
 (686,'Zginanie przedramion z hantlami z rotacją nadgarstka siedząc na ławce 90 stopni',6,2,4,3,2,10),
 (687,'Zginanie przedramion z drążkiem wyciągu dolnego stojąc',6,2,3,3,2,10),
 (688,'Zginanie przedramion ze sztangą stojąc',6,2,3,3,3,10),
 (689,'Wspięcia na palce jednonóż',6,2,4,3,1,10),
 (690,'Wspięcia na palce jednonóż z hantlami',6,2,4,3,2,10),
 (691,'Wspięcia na palcach w pozycji siedzącej ze sztangą ułożoną na kolanach',6,2,4,3,3,10),
 (692,'Wspięcia na palcach na suwnicy',6,2,4,3,3,10),
 (693,'Wspięcia na palcach siedząc z użyciem sztangielki',6,2,4,3,2,10),
 (694,'Wspięcia na palcach stojąc z hantlą',6,2,4,3,2,10),
 (695,'Wspięcia na palcach stojąc z wykorzystaniem suwnicy Smitha',6,2,4,3,3,10),
 (696,'Wspięcia na palcach stojąc ze sztangą trzymaną na plecach',6,2,4,3,3,10),
 (697,'Wspięcia na palcach siedząc na maszynie',6,2,4,3,3,10);
INSERT INTO "exercise_muscle" ("exercise_id","muscle_id","load") VALUES (75,1,85),
 (61,1,85),
 (62,1,85),
 (26,1,85),
 (49,1,85),
 (20,1,85),
 (51,1,85),
 (50,1,85),
 (57,1,85),
 (24,1,85),
 (31,1,85),
 (53,1,85),
 (7,1,85),
 (6,1,85),
 (5,1,85),
 (71,1,85),
 (35,1,85),
 (47,1,85),
 (17,1,85),
 (78,1,85),
 (22,1,85),
 (23,1,85),
 (59,1,85),
 (25,1,85),
 (60,1,85),
 (52,1,85),
 (48,1,85),
 (63,1,85),
 (37,1,85),
 (73,1,85),
 (19,1,85),
 (66,1,85),
 (70,1,85),
 (39,1,85),
 (74,1,85),
 (67,1,85),
 (4,1,85),
 (21,1,85),
 (58,1,85),
 (15,1,85),
 (64,1,85),
 (56,1,85),
 (69,1,85),
 (14,1,85),
 (28,1,85),
 (18,1,85),
 (72,1,85),
 (68,1,85),
 (40,1,85),
 (2,1,85),
 (76,1,85),
 (77,1,85),
 (42,1,85),
 (132,3,80),
 (400,3,80),
 (98,3,80),
 (366,3,80),
 (116,3,80),
 (384,3,80),
 (383,3,80),
 (93,3,80),
 (361,3,80),
 (92,3,80),
 (360,3,80),
 (107,3,80),
 (375,3,80),
 (99,3,80),
 (367,3,80),
 (91,3,80),
 (359,3,80),
 (90,3,80),
 (358,3,80),
 (94,3,80),
 (362,3,80),
 (133,3,80),
 (401,3,80),
 (86,3,80),
 (354,3,80),
 (121,3,80),
 (389,3,80),
 (57,3,80),
 (24,3,80),
 (380,3,80),
 (352,3,80),
 (353,3,80),
 (351,3,80),
 (374,3,80),
 (103,3,80),
 (371,3,80),
 (135,3,80),
 (403,3,80),
 (87,3,80),
 (355,3,80),
 (88,3,80),
 (356,3,80),
 (89,3,80),
 (357,3,80),
 (125,3,80),
 (393,3,80),
 (81,3,80),
 (349,3,80),
 (131,3,80),
 (399,3,80),
 (111,3,80),
 (379,3,80),
 (138,3,80),
 (406,3,80),
 (139,3,80),
 (407,3,80),
 (350,3,80),
 (369,3,80),
 (368,3,80),
 (365,3,80),
 (394,3,80),
 (118,2,85),
 (386,2,85),
 (110,2,85),
 (378,2,85),
 (109,2,85),
 (377,2,85),
 (119,2,85),
 (387,2,85),
 (96,2,85),
 (364,2,85),
 (144,2,85),
 (412,2,85),
 (145,2,85),
 (413,2,85),
 (129,2,85),
 (397,2,85),
 (95,2,85),
 (363,2,85),
 (32,1,60),
 (44,1,60),
 (43,1,60),
 (120,1,60),
 (30,1,60),
 (36,1,60),
 (115,1,60),
 (10,1,60),
 (9,1,60),
 (8,1,60),
 (45,1,60),
 (11,1,60),
 (46,1,60),
 (38,1,60),
 (112,1,60),
 (84,1,60),
 (85,1,60),
 (83,1,60),
 (106,1,60),
 (34,1,60),
 (33,1,60),
 (29,1,60),
 (127,1,60),
 (102,1,60),
 (3,1,60),
 (134,1,60),
 (82,1,60),
 (101,1,60),
 (100,1,60),
 (97,1,60),
 (16,1,60),
 (54,1,60),
 (65,1,60),
 (126,1,60),
 (13,1,60),
 (1,1,60),
 (41,1,60),
 (55,1,60),
 (12,1,60),
 (27,1,60),
 (140,1,60),
 (130,1,60),
 (141,1,60),
 (79,1,60),
 (347,2,85),
 (370,2,90),
 (388,2,85),
 (395,2,90),
 (398,2,85),
 (402,2,95),
 (408,2,95),
 (409,2,90),
 (443,5,65),
 (438,5,65),
 (437,5,65),
 (468,5,85),
 (467,5,65),
 (470,5,65),
 (471,5,65),
 (472,5,65),
 (435,5,65),
 (456,5,65),
 (449,5,65),
 (417,5,65),
 (416,5,65),
 (450,5,65),
 (473,5,65),
 (474,5,65),
 (446,5,65),
 (415,5,65),
 (447,5,65),
 (456,6,30),
 (456,7,40),
 (441,13,60),
 (456,8,40),
 (462,9,85),
 (117,9,85),
 (385,9,85),
 (80,9,85),
 (108,9,85),
 (376,9,85),
 (122,9,85),
 (390,9,85),
 (136,9,85),
 (404,9,85),
 (143,9,85),
 (411,9,85),
 (123,9,85),
 (391,9,85),
 (142,9,85),
 (410,9,85),
 (137,9,85),
 (405,9,85),
 (113,9,85),
 (381,9,85),
 (124,9,85),
 (392,9,85),
 (114,9,85),
 (382,9,85),
 (105,9,85),
 (373,9,85),
 (104,9,85),
 (372,9,85),
 (475,9,90),
 (128,9,90),
 (396,9,90),
 (421,10,70),
 (422,10,75),
 (453,10,70),
 (420,10,70),
 (464,10,80),
 (465,10,75),
 (466,10,70),
 (419,10,80),
 (454,10,80),
 (418,10,75),
 (436,10,70),
 (468,10,85),
 (444,10,75),
 (445,10,75),
 (430,10,70),
 (448,10,70),
 (414,10,70),
 (476,10,70),
 (460,10,70),
 (425,10,70),
 (459,10,70),
 (452,10,70),
 (424,10,70),
 (469,10,70),
 (432,10,70),
 (477,10,70),
 (440,10,80),
 (455,10,80),
 (461,10,80),
 (478,10,80),
 (428,10,70),
 (451,10,70),
 (426,10,70),
 (427,10,70),
 (458,10,70),
 (463,10,70),
 (462,8,70),
 (117,8,70),
 (385,8,70),
 (80,8,70),
 (108,8,70),
 (376,8,70),
 (122,8,70),
 (390,8,70),
 (136,8,70),
 (404,8,70),
 (143,8,70),
 (411,8,70),
 (123,8,70),
 (391,8,70),
 (142,8,70),
 (410,8,70),
 (137,8,70),
 (405,8,70),
 (113,8,70),
 (381,8,70),
 (124,8,70),
 (392,8,70),
 (114,8,70),
 (382,8,70),
 (421,8,40),
 (422,8,40),
 (453,8,40),
 (420,8,40),
 (464,8,40),
 (465,8,40),
 (466,8,40),
 (419,8,40),
 (454,8,40),
 (418,8,40),
 (436,8,40),
 (105,8,70),
 (373,8,70),
 (104,8,70),
 (372,8,70),
 (434,8,90),
 (433,8,90),
 (431,8,90),
 (440,8,50),
 (455,8,50),
 (461,8,50),
 (478,8,50),
 (439,13,60),
 (442,13,60),
 (429,13,60),
 (457,13,60),
 (423,13,60),
 (497,14,70),
 (491,14,70),
 (501,14,70),
 (489,14,70),
 (494,14,65),
 (488,14,90),
 (500,14,90),
 (481,14,90),
 (508,14,90),
 (498,14,90),
 (487,14,90),
 (493,14,90),
 (503,14,90),
 (505,14,90),
 (499,14,90),
 (480,14,80),
 (510,14,75),
 (486,14,75),
 (504,14,75),
 (495,14,75),
 (479,14,75),
 (485,14,75),
 (484,14,75),
 (512,14,75),
 (482,14,75),
 (511,14,75),
 (502,14,75),
 (490,14,75),
 (507,14,75),
 (506,14,75),
 (513,14,75),
 (496,14,75),
 (483,14,75),
 (497,18,25),
 (491,18,25),
 (501,18,25),
 (489,18,25),
 (480,18,40),
 (510,18,30),
 (486,18,30),
 (504,18,30),
 (495,18,30),
 (479,18,30),
 (485,18,30),
 (484,18,30),
 (512,18,30),
 (482,18,30),
 (511,18,30),
 (502,18,30),
 (490,18,30),
 (507,18,30),
 (506,18,30),
 (513,18,30),
 (496,18,30),
 (483,18,30),
 (497,19,20),
 (491,19,20),
 (501,19,20),
 (489,19,20),
 (480,19,25),
 (510,19,25),
 (486,19,25),
 (504,19,25),
 (495,19,25),
 (479,19,35),
 (485,19,25),
 (484,19,25),
 (512,19,25),
 (482,19,25),
 (511,19,25),
 (502,19,25),
 (490,19,25),
 (507,19,25),
 (506,19,25),
 (513,19,25),
 (496,19,25),
 (483,19,25),
 (492,14,85),
 (509,13,85),
 (514,13,85),
 (515,13,85),
 (516,13,85),
 (517,13,85),
 (518,13,85),
 (519,13,85),
 (520,13,85),
 (521,13,85),
 (522,13,85),
 (523,13,85),
 (524,13,85),
 (525,13,85),
 (526,13,85),
 (527,13,85),
 (528,13,85),
 (529,13,85),
 (530,13,85),
 (531,13,85),
 (532,13,85),
 (533,13,85),
 (534,13,85),
 (535,13,85),
 (536,13,85),
 (537,13,85),
 (538,13,85),
 (539,13,85),
 (540,13,85),
 (541,13,85),
 (542,13,85),
 (543,13,85),
 (544,13,85),
 (545,13,85),
 (546,13,85),
 (547,13,85),
 (548,13,85),
 (549,13,85),
 (550,13,85),
 (551,13,85),
 (552,13,85),
 (553,13,85),
 (554,13,85),
 (555,13,85),
 (556,13,85),
 (557,13,85),
 (558,13,85),
 (559,13,85),
 (560,13,85),
 (561,13,85),
 (562,6,60),
 (563,6,60),
 (564,6,60),
 (565,6,60),
 (566,6,60),
 (567,6,60),
 (568,6,75),
 (569,6,75),
 (570,6,60),
 (571,6,75),
 (572,6,85),
 (573,6,85),
 (574,6,60),
 (575,6,60),
 (576,6,85),
 (577,6,85),
 (578,6,85),
 (579,6,85),
 (580,6,85),
 (581,6,75),
 (582,6,75),
 (583,6,85),
 (584,6,85),
 (585,6,60),
 (586,6,60),
 (587,6,60),
 (588,6,60),
 (589,6,60),
 (590,6,75),
 (591,6,75),
 (592,6,85),
 (593,6,60),
 (594,6,60),
 (595,6,85),
 (596,6,60),
 (597,6,60),
 (598,6,60),
 (599,6,60),
 (600,6,85),
 (601,6,85),
 (602,6,60),
 (603,6,60),
 (604,6,60),
 (605,6,60),
 (606,6,85),
 (607,6,60),
 (608,6,60),
 (609,6,60),
 (610,6,85),
 (611,6,75),
 (612,6,75),
 (613,6,75),
 (614,6,60),
 (615,6,85),
 (616,6,85),
 (617,6,85),
 (618,6,85),
 (619,6,85),
 (620,6,85),
 (621,6,85),
 (622,6,75),
 (623,6,85),
 (624,18,85),
 (625,18,85),
 (626,18,85),
 (627,18,85),
 (628,18,70),
 (629,18,70),
 (630,18,70),
 (631,18,85),
 (632,18,85),
 (633,18,85),
 (634,18,85),
 (635,18,85),
 (636,18,85),
 (637,18,75),
 (638,18,85),
 (639,18,85),
 (640,18,70),
 (641,18,70),
 (642,18,85),
 (643,18,85),
 (644,18,70),
 (645,18,70),
 (646,18,70),
 (647,18,85),
 (648,18,85),
 (649,18,85),
 (650,18,85),
 (651,18,85),
 (652,18,85),
 (653,18,85),
 (654,18,85),
 (655,18,85),
 (656,18,85),
 (657,18,85),
 (658,18,85),
 (659,18,70),
 (660,18,75),
 (661,18,75),
 (662,19,85),
 (663,19,75),
 (664,19,80),
 (665,19,75),
 (666,19,85),
 (667,19,85),
 (668,19,80),
 (669,19,85),
 (670,19,85),
 (671,19,75),
 (672,19,85),
 (673,19,85),
 (674,19,85),
 (675,19,85),
 (676,19,85),
 (677,19,85),
 (678,19,80),
 (679,19,80),
 (680,19,85),
 (681,19,85),
 (682,19,85),
 (683,19,85),
 (684,19,85),
 (685,19,85),
 (686,19,85),
 (687,19,85),
 (688,19,85),
 (689,4,85),
 (690,4,85),
 (691,4,80),
 (692,4,85),
 (693,4,80),
 (694,4,85),
 (695,4,85),
 (696,4,85),
 (697,4,80);
COMMIT;
